"","OverallQual","YearRemodAdd","TotalBsmtSF","Fireplaces","GarageCars","GrLivArea","SalePrice","neighborhood"
"1",7,2003,856,0,2,1710,208500,6
"2",6,1976,1262,1,2,1262,181500,25
"3",7,2002,920,1,2,1786,223500,6
"4",7,1970,756,1,3,1717,140000,7
"5",8,2000,1145,1,3,2198,250000,14
"6",5,1995,796,0,2,1362,143000,12
"7",8,2005,1686,1,2,1694,307000,21
"8",7,1973,1107,2,2,2090,2e+05,17
"9",7,1950,952,2,2,1774,129900,18
"10",5,1950,991,2,1,1077,118000,4
"11",5,1965,1040,0,1,1040,129500,19
"12",9,2006,1175,2,3,2324,345000,16
"13",5,1962,912,0,1,912,144000,19
"14",7,2007,1494,1,3,1494,279500,6
"15",6,1960,1253,1,1,1253,157000,13
"16",7,2001,832,0,2,854,132000,4
"17",6,1970,1004,1,2,1004,149000,13
"18",4,1967,0,0,2,1296,90000,19
"19",5,2004,1114,0,2,1114,159000,20
"20",5,1965,1029,0,1,1339,139000,13
"21",8,2006,1158,1,3,2376,325300,16
"22",7,1950,637,1,1,1108,139400,10
"23",8,2002,1777,1,2,1795,230000,6
"24",5,1976,1040,1,2,1060,129900,11
"25",5,2001,1060,1,1,1060,154000,19
"26",8,2007,1566,1,3,1600,256300,16
"27",5,2000,900,0,2,900,134800,13
"28",8,2008,1704,1,3,1704,306000,16
"29",5,1997,1484,2,1,1600,207500,13
"30",4,1950,520,0,1,520,68500,4
"31",4,1950,649,0,1,1317,40000,10
"32",5,2006,1228,0,1,1228,149350,19
"33",8,2007,1234,0,2,1234,179900,6
"34",5,1959,1398,1,2,1700,165500,13
"35",9,2005,1561,1,2,1561,277500,16
"36",8,2005,1117,1,3,2452,309000,16
"37",5,1995,1097,0,2,1097,145000,6
"38",5,1990,1297,1,2,1297,153000,13
"39",5,2007,1057,0,1,1057,109000,13
"40",4,1955,0,0,0,1152,82000,8
"41",6,1965,1088,1,2,1324,160000,13
"42",5,1959,1350,2,1,1328,170000,24
"43",5,1983,840,0,2,884,144000,20
"44",5,1980,938,0,1,938,130250,6
"45",5,1959,1150,0,1,1150,141000,13
"46",9,2005,1752,1,2,1752,319900,16
"47",7,2003,1434,1,2,2149,239686,12
"48",8,2006,1656,0,3,1656,249700,21
"49",4,2008,736,0,0,1452,113000,18
"50",5,1966,955,0,1,955,127000,19
"51",6,1997,794,0,2,1470,177000,9
"52",6,1950,816,1,2,1176,114500,4
"53",5,1963,816,0,2,816,110000,10
"54",9,1987,1842,1,3,1842,385000,25
"55",5,1955,384,1,2,1360,130000,13
"56",6,1964,1425,1,2,1425,180500,13
"57",8,2000,970,0,2,1739,172500,21
"58",7,2004,860,0,2,1720,196500,6
"59",10,2006,1410,1,3,2945,438780,22
"60",5,1972,780,0,1,780,124900,6
"61",6,2004,1158,0,2,1158,158000,20
"62",5,1996,530,0,1,1111,101000,10
"63",8,2006,1370,1,2,1370,202500,16
"64",7,1950,576,0,2,1710,140000,18
"65",7,1998,1057,0,2,2034,219500,6
"66",8,2005,1143,1,3,2473,317000,16
"67",7,1989,1947,1,2,2207,180000,13
"68",7,2003,1453,0,2,1479,226000,6
"69",4,1950,747,0,1,747,80000,18
"70",7,1953,1304,1,2,2287,225000,5
"71",7,1973,2223,2,2,2223,244000,13
"72",4,2006,845,0,2,845,129500,12
"73",7,1998,832,1,2,1718,185000,9
"74",5,2003,1086,0,2,1086,144900,13
"75",3,1950,840,0,1,1605,107400,18
"76",4,1973,462,0,1,988,91000,11
"77",4,1956,952,0,1,952,135750,13
"78",5,2001,672,0,1,1285,127000,4
"79",4,1968,1768,0,0,1768,136500,19
"80",5,1981,440,0,2,1230,110000,18
"81",6,1968,896,1,1,2142,193500,13
"82",6,1998,1237,0,2,1337,153500,12
"83",8,2007,1563,1,3,1563,245000,21
"84",5,1960,1065,0,2,1065,126500,13
"85",7,1996,384,1,2,1474,168500,9
"86",8,1992,1288,1,2,2417,260000,14
"87",6,2005,684,1,2,1560,174000,9
"88",6,2009,612,0,2,1224,164500,21
"89",3,1982,1013,0,0,1526,85000,10
"90",4,1995,990,0,0,990,123600,6
"91",4,1950,0,0,2,1040,109900,13
"92",5,1961,1235,0,2,1235,98600,13
"93",5,2006,876,0,2,964,163500,7
"94",6,1998,1214,1,2,2291,133900,18
"95",6,1997,824,0,2,1786,204750,6
"96",6,1993,680,1,2,1470,185000,9
"97",7,1999,1588,0,2,1588,214000,6
"98",4,1965,960,0,1,960,94750,8
"99",5,1950,458,0,1,835,83000,8
"100",4,1959,950,0,0,1225,128950,13
"101",6,2001,1610,2,2,1610,205000,17
"102",6,1985,741,1,2,1732,178000,20
"103",5,1979,0,0,2,1535,118964,20
"104",7,2009,1226,0,3,1226,198900,6
"105",7,1950,1040,2,1,1818,169500,10
"106",8,2004,1053,1,2,1992,250000,21
"107",4,1995,641,0,1,1047,1e+05,18
"108",5,1950,789,0,1,789,115000,18
"109",5,2005,793,0,0,1517,115000,10
"110",6,1977,1844,1,2,1844,190000,17
"111",6,1972,994,0,1,1855,136900,8
"112",7,2000,384,1,2,1430,180000,9
"113",7,2007,1264,1,3,2696,383970,6
"114",6,1953,1809,2,2,2259,217000,7
"115",6,2002,1028,1,1,2320,259500,7
"116",6,1999,729,1,2,1458,176000,21
"117",5,1962,1092,1,1,1092,139000,19
"118",5,2007,1125,0,2,1125,155000,8
"119",7,1990,1673,2,3,3222,320000,20
"120",6,2006,728,1,2,1456,163990,6
"121",6,1969,938,2,2,988,180000,5
"122",4,1950,732,0,1,1123,1e+05,10
"123",6,1958,1080,0,1,1080,136000,13
"124",6,1993,1199,0,2,1199,153900,20
"125",6,1998,1362,1,2,1586,181000,17
"126",6,1982,520,0,0,754,84500,10
"127",6,1976,1078,1,2,958,128000,15
"128",5,1950,672,1,0,840,87000,18
"129",6,1966,660,1,2,1348,155000,13
"130",5,1991,1008,0,2,1053,150000,13
"131",7,1966,924,2,2,2157,226000,13
"132",6,2000,992,1,2,2054,244000,9
"133",5,2002,1063,0,2,1327,150750,13
"134",8,2002,1267,0,2,1296,220000,24
"135",5,1993,1461,1,2,1721,180000,19
"136",7,1970,1304,1,2,1682,174000,17
"137",5,1967,1214,1,1,1214,143000,13
"138",7,1989,1907,0,3,1959,171000,12
"139",8,2000,1004,2,3,1852,230000,6
"140",6,1997,928,0,2,1764,231500,6
"141",4,1971,864,1,0,864,115000,13
"142",7,2005,1734,0,2,1734,260000,6
"143",5,1952,910,0,2,1385,166000,13
"144",7,1999,1490,0,2,1501,204000,6
"145",5,1963,1728,0,2,1728,125000,19
"146",6,2006,970,0,2,1709,130000,8
"147",5,1993,715,0,1,875,105000,4
"148",7,2001,884,1,2,2035,222500,9
"149",7,2005,1080,0,0,1080,141000,20
"150",5,1950,896,0,1,1344,115000,4
"151",5,1975,969,0,2,969,122000,6
"152",8,2008,1710,1,3,1710,372402,16
"153",6,1971,825,1,2,1993,190000,17
"154",6,1975,1602,1,2,1252,235000,5
"155",6,1950,1200,0,1,1200,125000,18
"156",6,1950,572,0,0,1096,79000,8
"157",5,1950,0,0,2,1040,109500,13
"158",8,2010,774,1,3,1968,269500,24
"159",7,2005,991,1,2,1947,254900,21
"160",7,2006,1392,1,2,2462,320000,9
"161",6,1984,1232,0,2,1232,162500,25
"162",9,2004,1572,2,3,2668,412500,16
"163",7,2005,1541,1,2,1541,220000,16
"164",4,1956,882,0,0,882,103200,18
"165",6,2004,1149,0,1,1616,152000,18
"166",5,1999,644,0,0,1355,127500,8
"167",5,1993,1617,3,1,1867,190000,5
"168",8,2007,1582,1,3,2161,325624,16
"169",7,2004,840,1,2,1720,183500,9
"170",8,1981,1686,1,2,1707,228000,24
"171",5,1950,720,0,2,1382,128500,18
"172",6,1960,1080,2,2,1656,215000,13
"173",7,1987,1064,1,2,1767,239000,22
"174",6,1961,1362,1,2,1362,163000,13
"175",6,1986,1606,1,2,1651,184000,24
"176",6,2001,1202,1,2,2158,243000,8
"177",6,1989,1151,1,2,2060,211000,5
"178",5,1958,1052,1,2,1920,172500,19
"179",9,2009,2216,1,3,2234,501837,22
"180",5,2006,968,0,2,968,1e+05,18
"181",6,2000,756,1,2,1525,177000,21
"182",7,1950,793,1,1,1802,200100,7
"183",5,2006,0,1,1,1340,120000,8
"184",7,2003,1362,0,2,2082,2e+05,18
"185",5,1991,504,0,2,1252,127000,4
"186",10,1993,1107,2,3,3608,475000,18
"187",7,1991,1188,0,2,1217,173000,12
"188",5,1987,660,0,1,1656,135000,18
"189",5,1979,1086,2,2,1224,153337,20
"190",8,2002,1593,1,2,1593,286000,22
"191",8,1994,853,2,2,2727,315000,7
"192",7,2004,725,0,2,1479,184000,13
"193",7,1999,1431,0,2,1431,192000,6
"194",7,2004,970,0,2,1709,130000,8
"195",5,1972,864,0,1,864,127000,6
"196",6,1976,855,1,2,1456,148500,15
"197",7,2007,1726,1,3,1726,311872,21
"198",8,1990,1360,1,2,3112,235000,13
"199",6,1950,755,0,0,2229,104000,18
"200",8,2005,1713,1,3,1713,274900,16
"201",4,2004,1121,0,2,1121,140000,8
"202",6,1977,1196,2,2,1279,171500,12
"203",6,1950,617,0,1,1310,112000,18
"204",6,2004,848,1,2,848,149000,6
"205",5,1950,720,0,1,1284,110000,18
"206",7,1990,1424,0,2,1442,180500,9
"207",5,1962,1140,1,1,1696,143900,19
"208",4,1960,1100,1,1,1100,141000,13
"209",7,1989,1157,1,2,2062,277000,20
"210",6,1964,1092,0,2,1092,145000,13
"211",5,1950,864,0,0,864,98000,8
"212",6,2009,1212,0,2,1212,186000,8
"213",7,2009,900,1,2,1852,252678,21
"214",5,1995,990,0,2,990,156000,6
"215",6,1977,689,0,1,1392,161750,6
"216",5,1996,1070,1,1,1236,134450,13
"217",7,2004,1436,0,2,1436,210000,6
"218",4,1950,686,0,1,1328,107000,18
"219",7,2006,798,2,2,1954,311500,7
"220",7,2006,1248,0,2,1248,167240,1
"221",7,2006,1498,0,2,1498,204900,6
"222",6,2002,1010,1,2,2267,2e+05,9
"223",6,1975,713,1,2,1552,179900,17
"224",4,1971,864,0,2,864,97000,13
"225",10,2003,2392,1,3,2392,386250,16
"226",5,1971,630,0,1,1302,112000,3
"227",7,1995,1203,1,3,2520,290000,14
"228",6,1970,483,0,1,987,106000,3
"229",5,1967,912,1,1,912,125000,19
"230",7,2006,1373,1,2,1555,192500,1
"231",6,1959,1194,0,1,1194,148000,13
"232",8,1996,1462,1,3,2794,403000,14
"233",6,1972,483,1,1,987,94500,3
"234",5,1976,894,0,1,894,128200,6
"235",6,2002,860,2,2,1960,216500,9
"236",6,1971,483,0,1,987,89500,3
"237",7,2004,1414,0,2,1414,185500,6
"238",7,2003,996,0,2,1744,194500,20
"239",8,2007,1694,0,3,1694,318000,16
"240",6,1950,735,1,1,1487,113000,8
"241",8,2008,1566,0,2,1566,262500,21
"242",5,1997,686,0,0,866,110500,18
"243",5,1950,540,0,1,1440,79000,18
"244",6,1980,626,1,1,1217,120000,20
"245",7,2002,948,2,2,2110,205000,20
"246",7,1988,1845,1,2,1872,241500,17
"247",6,1950,1020,0,1,1928,137000,18
"248",6,1954,1367,1,2,1375,140000,13
"249",7,2003,840,0,2,1668,180000,6
"250",6,2006,1444,2,2,2144,277000,5
"251",3,1966,728,0,0,1306,76500,4
"252",8,2007,1573,1,2,1625,235000,7
"253",6,2004,798,0,2,1640,173000,20
"254",6,1991,1302,0,1,1302,158000,13
"255",5,1957,1314,0,1,1314,145000,13
"256",7,1999,975,1,2,2291,230000,9
"257",6,2003,864,0,2,1728,207500,21
"258",7,2006,1604,1,2,1604,220000,6
"259",7,2001,963,1,2,1792,231500,6
"260",5,1956,0,0,1,882,97000,18
"261",6,1962,1362,1,2,1382,176000,13
"262",8,2007,1482,1,3,2574,276000,6
"263",6,1995,506,1,2,1212,151000,19
"264",5,2001,926,0,2,1316,130000,18
"265",5,2004,680,0,2,764,73000,18
"266",6,1981,1422,1,2,1422,175500,17
"267",6,1997,802,1,2,1511,185000,9
"268",5,1997,720,1,1,2192,179500,23
"269",5,1955,740,1,1,778,120500,10
"270",6,1976,1143,1,1,1113,148000,8
"271",8,2006,1095,1,3,1939,266000,21
"272",7,2005,1385,2,2,1363,241500,5
"273",8,2007,1152,1,3,2270,290000,14
"274",6,1988,1240,1,1,1632,139000,13
"275",5,1982,816,0,1,816,124500,12
"276",7,2007,952,0,2,1548,205000,4
"277",7,2003,1560,0,2,1560,201000,12
"278",4,1951,864,0,2,864,141000,9
"279",9,2007,2121,1,3,2121,415298,16
"280",7,1977,1160,1,2,2022,192000,5
"281",7,1989,807,1,2,1982,228500,20
"282",6,2006,1262,0,2,1262,185000,21
"283",7,2008,1314,1,2,1314,207500,16
"284",8,2009,1468,1,3,1468,244600,21
"285",6,1992,1575,0,2,1575,179200,20
"286",7,2007,625,0,2,1250,164700,21
"287",6,1981,912,1,2,1734,159000,13
"288",4,1971,858,0,0,858,88000,13
"289",5,1967,882,0,1,900,122000,19
"290",6,2003,698,0,1,1396,153575,4
"291",8,2006,1079,1,2,1919,233230,6
"292",5,2000,780,0,0,1716,135900,23
"293",5,2008,768,1,1,1716,131000,8
"294",7,1994,795,1,2,2263,235000,17
"295",6,1953,1416,2,2,1644,167000,13
"296",6,1984,1003,0,2,1003,142500,12
"297",5,1950,910,0,1,1558,152000,10
"298",7,1998,975,1,2,1950,239000,21
"299",6,1968,702,1,2,1743,175000,17
"300",6,2004,1092,1,1,1152,158500,7
"301",5,1953,1165,2,1,1336,157000,7
"302",8,1999,1028,1,2,2452,267000,6
"303",7,2002,1541,1,3,1541,205000,6
"304",5,1972,894,0,2,894,149900,6
"305",7,2002,1470,1,3,3493,295000,18
"306",8,2005,2000,0,3,2000,305900,6
"307",7,1991,700,1,3,2243,225000,20
"308",6,1950,319,0,0,1406,89500,10
"309",4,1950,861,0,2,861,82500,8
"310",9,2004,1896,3,3,1944,360000,16
"311",6,1994,697,1,2,1501,165600,9
"312",6,2002,972,1,1,972,132000,13
"313",5,1950,793,1,2,1118,119900,18
"314",7,1965,2136,2,2,2036,375000,24
"315",7,1990,728,1,2,1641,178000,18
"316",7,2005,716,1,2,1432,188500,9
"317",7,1980,845,1,2,2353,260000,17
"318",8,2006,1088,1,3,1959,270000,21
"319",7,1993,1347,1,3,2646,260000,14
"320",7,1980,1372,2,2,1472,187500,17
"321",9,2006,1249,0,3,2596,342643,16
"322",8,2004,1136,1,3,2468,354000,16
"323",7,1987,1502,1,2,2730,301000,20
"324",3,2005,1162,0,1,1163,126175,18
"325",7,2007,710,1,2,2978,242000,13
"326",5,1950,720,0,2,803,87000,10
"327",8,1993,1719,2,2,1719,324000,25
"328",6,1960,1383,0,1,1383,145250,13
"329",6,1994,844,0,2,2134,214500,4
"330",5,1950,596,0,1,1192,78000,10
"331",5,1964,1728,0,1,1728,119000,13
"332",5,1992,1056,0,1,1056,139000,13
"333",8,2004,3206,1,3,1629,284000,16
"334",7,2004,1358,1,2,1358,207000,16
"335",6,1998,943,2,2,1638,192000,9
"336",5,1965,1499,2,2,1786,228950,24
"337",9,2006,1922,1,3,1922,377426,22
"338",7,2003,1536,0,2,1536,214000,6
"339",7,1998,1208,0,2,1621,202500,17
"340",6,1998,1215,0,1,1215,155000,13
"341",8,2002,967,0,2,1908,202900,24
"342",4,1950,721,0,1,841,82000,20
"343",3,1950,0,0,2,1040,87500,13
"344",9,2005,1684,1,2,1684,266000,16
"345",5,1976,536,0,1,1112,85000,11
"346",6,1950,972,1,1,1577,140200,4
"347",6,1998,958,0,1,958,151500,13
"348",6,1960,1478,2,2,1478,157500,13
"349",7,2004,764,0,2,1626,154000,16
"350",9,2006,1848,2,3,2728,437154,16
"351",9,2007,1869,1,2,1869,318061,16
"352",7,1986,1453,1,2,1453,190000,5
"353",5,1950,616,0,1,1111,95000,8
"354",6,2003,624,0,2,720,105900,18
"355",6,2000,940,2,1,1595,140000,23
"356",6,1995,1200,0,2,1200,177500,6
"357",6,1992,1158,0,2,1167,173000,9
"358",5,1976,1142,1,2,1142,134000,11
"359",5,1958,1062,0,1,1352,130000,5
"360",8,1998,1086,1,2,1924,280000,14
"361",6,1978,888,1,2,912,156000,12
"362",5,1982,883,0,1,1505,145000,4
"363",7,2003,0,1,2,1922,198500,8
"364",6,2007,483,0,1,987,118000,3
"365",6,1976,796,1,2,1574,190000,17
"366",5,1997,672,0,1,1344,147000,10
"367",6,1963,1394,2,2,1394,159000,13
"368",6,1962,1099,1,1,1431,165000,13
"369",5,1954,1268,1,1,1268,132000,13
"370",5,2006,1063,1,2,1287,162000,13
"371",6,2000,953,1,2,1664,172400,9
"372",4,1959,0,1,2,1588,134432,5
"373",6,1984,744,0,1,752,125000,20
"374",5,1953,608,0,1,1319,123000,13
"375",7,2004,847,1,2,1928,219500,6
"376",1,1950,683,0,0,904,61000,8
"377",5,1996,870,0,2,914,148000,6
"378",8,2005,1580,1,2,2466,340000,21
"379",9,2010,1856,1,3,1856,394432,22
"380",6,2000,982,1,2,1800,179000,9
"381",5,1950,1026,1,1,1691,127000,23
"382",7,2006,1293,1,2,1301,187750,21
"383",7,2006,939,0,2,1797,213500,6
"384",6,1950,784,0,2,784,76000,20
"385",6,1992,1580,2,2,1953,240000,5
"386",8,2005,1256,1,2,1269,192000,1
"387",5,1996,658,0,0,1184,81000,8
"388",6,1976,1041,1,1,1125,125000,8
"389",7,2000,1468,0,2,1479,191000,6
"390",10,2008,1682,1,3,2332,426000,16
"391",5,1950,861,0,1,1367,119000,8
"392",6,2002,804,1,2,1961,215000,12
"393",5,1959,0,0,1,882,106500,13
"394",4,1950,788,2,0,788,1e+05,4
"395",5,1950,735,0,1,1034,109000,18
"396",5,1956,1144,0,1,1144,129000,8
"397",5,1972,894,0,2,894,123000,6
"398",5,1962,864,1,1,1812,169500,13
"399",5,1950,961,0,1,1077,67000,10
"400",7,2007,1092,0,2,1550,241000,21
"401",8,1996,1260,2,2,1288,245500,25
"402",7,2005,1310,1,2,1310,164990,6
"403",5,1997,672,0,1,672,108000,19
"404",8,1998,1141,1,2,2263,258000,14
"405",6,1996,806,1,2,1572,168000,9
"406",4,1993,1281,1,2,1620,150000,19
"407",6,1950,1064,0,1,1639,115000,23
"408",6,1976,840,0,1,1680,177000,7
"409",7,2006,1063,1,3,2172,280000,16
"410",8,2008,1034,1,3,2078,339750,21
"411",5,1958,1276,0,1,1276,60000,8
"412",5,1955,1056,0,2,1056,145000,9
"413",7,2009,1470,1,2,1478,222000,21
"414",5,1950,1008,1,2,1028,115000,18
"415",7,1993,1080,1,3,2097,228000,20
"416",7,2007,1340,0,2,1340,181134,9
"417",6,1978,672,1,2,1400,149500,19
"418",6,1950,1370,1,3,2624,239000,7
"419",5,1950,756,0,1,1134,126000,8
"420",5,1968,1056,1,1,1056,142000,13
"421",7,1998,1344,0,4,1344,206300,12
"422",6,2000,1602,1,2,1602,215000,17
"423",5,1954,988,0,2,988,113000,12
"424",8,1998,1470,1,3,2630,315000,14
"425",6,1956,1196,1,1,1196,139000,13
"426",7,1992,651,2,1,1389,135000,18
"427",7,1989,1518,1,2,1644,275000,20
"428",4,1957,907,0,1,907,109008,13
"429",7,2007,1208,0,2,1208,195400,6
"430",6,1988,1392,1,2,1412,175000,24
"431",6,1971,483,0,1,987,85400,3
"432",6,1998,901,0,0,1198,79900,18
"433",5,1971,765,0,2,1365,122500,3
"434",6,1998,926,1,2,1604,181000,9
"435",4,1972,630,0,0,630,81000,11
"436",7,1996,799,1,2,1661,212000,6
"437",6,1950,648,0,2,1118,116000,18
"438",6,2004,884,0,1,904,119000,4
"439",5,2002,440,1,1,694,90350,7
"440",6,2000,684,0,2,1196,110000,8
"441",10,2008,3094,2,3,2402,555000,16
"442",4,1955,1440,0,0,1440,118000,8
"443",5,1992,1078,1,2,1573,162900,4
"444",7,2007,1258,1,3,1258,172500,1
"445",7,1995,915,1,2,1908,210000,6
"446",6,1956,1436,1,2,1689,127500,8
"447",6,2002,1517,1,2,1888,190000,13
"448",7,1999,930,1,2,1886,199900,9
"449",6,1950,780,1,1,1376,119500,10
"450",3,2002,649,0,1,1183,120000,18
"451",6,2005,813,0,1,813,110000,18
"452",7,1975,1533,2,2,1533,280000,5
"453",6,1997,872,0,2,1756,204000,24
"454",8,2008,768,0,2,1590,210000,21
"455",5,1976,1728,0,2,1728,188000,12
"456",7,1973,1242,1,2,1242,175500,17
"457",5,1950,624,0,3,1344,98000,18
"458",4,1994,1364,2,2,1663,256000,5
"459",8,1996,588,1,1,1666,161000,18
"460",5,1950,709,1,1,1203,110000,4
"461",8,2009,832,0,2,1935,263435,21
"462",7,2007,560,0,2,1135,155000,23
"463",5,1965,864,1,1,864,62383,19
"464",6,1995,715,1,1,1660,188700,7
"465",5,1978,1040,0,0,1040,124000,6
"466",7,2004,1375,1,2,1414,178740,1
"467",7,1970,1277,1,2,1277,167000,13
"468",5,1995,728,2,1,1644,146500,13
"469",8,2006,1626,1,3,1634,250000,16
"470",6,1993,832,0,2,1710,187000,20
"471",8,1985,1488,0,2,1502,212000,22
"472",7,1977,808,1,2,1969,190000,17
"473",6,2005,547,0,2,1072,148000,8
"474",8,2007,1976,1,3,1976,440000,16
"475",8,2000,1494,0,2,1652,251000,22
"476",5,1963,970,0,2,970,132500,19
"477",6,1998,1478,1,2,1493,208900,6
"478",9,2006,2153,1,3,2643,380000,16
"479",8,2008,1705,1,3,1718,297000,6
"480",4,2000,907,0,2,1131,89471,18
"481",9,2005,1833,1,3,1850,326000,16
"482",9,2004,1792,1,3,1792,374000,16
"483",7,2005,910,1,1,1826,155000,18
"484",6,1998,1216,0,2,1216,164000,12
"485",5,2001,999,0,1,999,132500,19
"486",5,2007,1113,1,1,1113,147000,13
"487",5,1965,1073,0,2,1073,156000,13
"488",5,1971,1484,1,2,1484,175000,17
"489",5,1970,954,1,2,2414,160000,18
"490",4,2002,630,0,1,630,86000,11
"491",5,1976,264,1,1,1304,115000,11
"492",6,1950,806,2,1,1578,133000,13
"493",6,2006,728,0,2,1456,172785,9
"494",5,1960,1269,1,1,1269,155000,13
"495",5,1996,190,0,1,886,91300,18
"496",4,1950,720,0,0,720,34900,10
"497",8,1993,3200,1,2,3228,430000,14
"498",7,1950,1026,0,1,1820,184000,4
"499",5,2004,864,0,1,899,130000,19
"500",5,1985,912,0,1,912,120000,13
"501",6,1973,672,0,1,1218,113000,3
"502",7,2005,866,0,2,1768,226700,21
"503",5,1965,1214,0,2,1214,140000,8
"504",7,1997,1501,2,2,1801,289000,7
"505",6,1974,855,1,2,1322,147000,15
"506",5,1952,960,0,2,1960,124500,18
"507",8,1994,777,1,2,1911,215000,20
"508",6,2009,1218,0,2,1218,208300,21
"509",7,2005,689,1,2,1378,161000,18
"510",5,1959,1041,0,1,1041,124500,13
"511",5,2000,1008,2,1,1363,164900,13
"512",7,2006,1368,1,2,1368,202665,16
"513",5,1958,864,0,2,864,129900,13
"514",6,1983,1084,0,2,1080,134000,12
"515",5,1950,768,0,1,789,96500,7
"516",10,2009,2006,1,3,2020,402861,16
"517",6,1972,689,1,2,2119,158000,17
"518",7,1997,1264,1,3,2344,265000,14
"519",6,1998,794,0,2,1796,211000,6
"520",7,2004,1276,2,1,2080,234000,7
"521",4,2000,0,0,0,1294,106250,18
"522",6,1957,1244,2,1,1244,150000,13
"523",6,1950,1004,2,2,1664,159000,4
"524",10,2008,3138,1,3,4676,184750,8
"525",7,1997,1379,1,3,2398,315750,14
"526",7,2005,1257,1,2,1266,176000,21
"527",5,2000,928,0,1,928,132000,13
"528",9,2008,1452,1,3,2713,446261,16
"529",4,2002,528,0,0,605,86000,8
"530",6,1975,2035,2,2,2515,200624,7
"531",6,1989,1461,1,2,1509,175000,24
"532",6,1999,611,0,2,1362,128000,4
"533",5,2007,0,1,1,827,107500,13
"534",1,1950,0,0,0,334,39300,4
"535",8,2004,707,1,2,1414,178000,9
"536",5,1991,1117,0,0,1347,107500,8
"537",7,1999,880,0,2,1724,188000,6
"538",4,1972,864,0,2,864,111250,13
"539",5,1968,1051,1,1,1159,158000,19
"540",8,2002,1581,1,2,1601,272000,6
"541",9,2006,1838,1,3,1838,315000,24
"542",8,2000,969,1,3,2285,248000,14
"543",7,1999,1650,1,2,1680,213250,17
"544",7,1998,723,0,1,767,133000,13
"545",7,2006,654,1,2,1496,179665,9
"546",7,1988,1204,0,3,2183,229000,17
"547",6,1950,1065,1,2,1635,210000,4
"548",5,1970,768,0,2,768,129500,12
"549",5,1995,825,0,2,825,125000,18
"550",7,2004,912,1,2,2094,263000,21
"551",6,1977,1069,0,2,1069,140000,15
"552",5,1957,928,0,1,928,112500,18
"553",8,2006,1709,1,3,1717,255500,16
"554",4,2003,0,0,2,1126,108000,8
"555",7,2004,998,1,3,2046,284000,16
"556",5,1950,993,1,1,1048,113000,4
"557",5,1957,1092,1,1,1092,141000,13
"558",4,1950,637,0,1,1336,108000,10
"559",7,1997,729,1,2,1446,175000,9
"560",7,2004,1374,1,2,1557,234000,1
"561",5,1996,1392,1,2,1392,121500,19
"562",5,1975,1389,1,2,1389,170000,12
"563",5,1969,996,1,0,996,108000,8
"564",6,1950,1163,1,2,1674,185000,8
"565",7,2000,1095,1,2,2295,268000,14
"566",6,1950,806,0,1,1647,128000,23
"567",9,2007,1122,1,3,2504,325000,22
"568",7,2004,1517,0,2,1535,214000,16
"569",8,2009,1496,1,2,2132,316600,20
"570",5,1979,943,2,2,943,135960,13
"571",5,1965,1728,0,2,1728,142600,13
"572",6,1959,864,0,1,864,120000,13
"573",7,2009,846,0,2,1692,224500,24
"574",7,2000,384,1,2,1430,170000,9
"575",5,2005,372,0,1,1109,139000,13
"576",5,1950,832,0,1,1216,118500,13
"577",7,1950,861,1,1,1477,145000,23
"578",5,1966,1164,2,2,1320,164500,19
"579",7,2007,689,0,2,1392,146000,21
"580",5,1954,1050,0,1,1795,131500,18
"581",6,1987,1144,2,2,1429,181900,13
"582",8,2009,2042,1,3,2042,253293,16
"583",6,1990,816,0,0,816,118500,8
"584",10,2000,1237,1,2,2775,325000,18
"585",4,1995,884,0,1,1573,133000,4
"586",8,2006,1868,2,3,2028,369900,24
"587",6,2000,816,0,1,838,130000,4
"588",5,1982,840,0,2,860,137000,19
"589",5,2003,1437,2,1,1473,143000,5
"590",5,1960,742,0,1,935,79500,4
"591",7,2004,770,0,2,1582,185900,6
"592",10,2008,1722,1,3,2296,451950,16
"593",5,2003,816,0,2,816,138000,12
"594",6,2003,848,0,2,848,140000,6
"595",5,1975,924,0,1,924,110000,6
"596",8,2006,1814,1,3,1826,319000,22
"597",6,1993,684,0,1,1368,114504,18
"598",7,2007,1258,1,3,1402,194201,1
"599",5,1977,1430,1,2,1647,217500,7
"600",6,1980,716,1,2,1556,151000,2
"601",8,2005,1058,1,2,1904,275000,16
"602",6,1950,780,1,1,1375,141000,10
"603",8,1992,908,1,2,1915,220000,20
"604",7,2005,600,0,2,1200,151000,21
"605",7,2002,1494,1,2,1494,221000,6
"606",7,1990,768,3,2,1986,205000,13
"607",5,1996,1040,0,2,1040,152000,6
"608",5,2002,896,0,1,2008,225000,8
"609",8,1998,965,2,2,3194,359100,7
"610",4,1961,1029,0,1,1029,118500,19
"611",9,2000,1440,2,3,2153,313000,6
"612",6,1978,1032,1,2,1032,148000,17
"613",8,2001,1299,1,2,1872,261500,6
"614",5,2007,1120,0,0,1120,147000,12
"615",4,1972,630,0,0,630,75500,11
"616",6,1963,936,0,2,1054,137500,13
"617",6,2003,783,1,2,1509,183200,9
"618",6,1954,832,0,2,832,105500,13
"619",9,2007,1822,1,3,1828,314813,16
"620",8,2003,1482,2,3,2262,305000,24
"621",3,1950,864,0,0,864,67000,8
"622",6,1997,1522,1,2,2614,240000,17
"623",5,1977,980,0,2,980,135000,19
"624",6,2000,756,1,2,1512,168500,21
"625",6,1972,732,1,2,1790,165150,17
"626",6,1962,1116,0,2,1116,160000,13
"627",5,1978,978,1,1,1422,139900,13
"628",6,1972,1156,2,1,1520,153000,13
"629",5,1969,1040,2,2,2080,135000,13
"630",6,1964,1248,0,2,1350,168500,13
"631",5,1991,636,0,1,1750,124000,18
"632",8,2006,1554,1,2,1554,209500,16
"633",7,1977,1386,1,2,1411,82500,17
"634",5,2005,1056,0,1,1056,139400,13
"635",6,1980,1056,0,2,1056,144000,18
"636",6,1995,1440,0,0,3395,2e+05,23
"637",2,1950,264,1,0,800,60000,4
"638",5,1954,811,0,1,1387,93000,18
"639",5,1950,796,0,0,796,85000,8
"640",8,2006,1520,1,3,1567,264561,1
"641",8,2004,1518,1,2,1518,274000,16
"642",7,2001,1057,1,2,1929,226000,21
"643",8,1995,1952,3,2,2704,345000,13
"644",5,1969,780,0,2,1620,152000,17
"645",9,2009,1766,1,3,1766,370878,21
"646",6,1971,981,0,2,981,143250,13
"647",5,1950,0,0,2,1048,98300,13
"648",6,1953,1094,2,2,1094,155000,8
"649",6,1966,756,1,2,1839,155000,13
"650",4,1970,630,0,0,630,84500,11
"651",7,2007,813,0,2,1665,205950,21
"652",4,1950,755,1,1,1510,108000,8
"653",7,1996,880,1,2,1716,191000,6
"654",6,1995,756,0,1,1469,135000,10
"655",8,1995,2109,1,3,2113,350000,14
"656",6,1971,525,0,1,1092,88000,3
"657",5,2006,1053,0,1,1053,145500,13
"658",7,2000,776,1,1,1502,149000,7
"659",6,1950,912,1,1,1458,97500,13
"660",5,1999,1486,0,2,1486,167000,8
"661",7,1976,793,1,2,1935,197900,17
"662",8,2005,1629,1,3,2448,402000,14
"663",6,1968,1392,2,2,1392,110000,13
"664",4,1972,1138,0,2,1181,137500,8
"665",8,2006,2077,1,3,2097,423000,21
"666",8,2000,1406,1,2,1936,230500,9
"667",6,1979,1021,1,2,2380,129000,13
"668",6,1998,1408,1,2,1679,193500,20
"669",5,1987,1188,1,2,1437,168000,19
"670",4,1950,700,1,1,1180,137500,7
"671",6,2005,738,0,2,1476,173500,6
"672",6,1950,672,0,1,1369,103600,8
"673",6,1977,1208,1,2,1208,165000,25
"674",6,2004,1477,2,2,1839,257500,7
"675",6,1965,1136,1,1,1136,140000,13
"676",6,1978,855,1,2,1441,148500,15
"677",4,1950,1095,0,3,1774,87000,18
"678",5,2006,768,0,1,792,109500,18
"679",8,2008,2046,1,3,2046,372500,22
"680",5,1961,988,0,2,988,128500,19
"681",6,1980,923,1,1,923,143000,20
"682",5,2000,793,0,1,1520,159434,23
"683",6,1997,1291,1,2,1291,173000,5
"684",9,2002,1626,1,3,1668,285000,6
"685",7,1998,1195,0,2,1839,221000,14
"686",7,1984,1190,1,2,2090,207500,22
"687",7,2007,874,0,2,1761,227875,21
"688",7,2004,551,0,2,1102,148800,21
"689",8,2007,1419,1,2,1419,392000,22
"690",6,2006,1362,1,2,1362,194700,16
"691",6,2004,848,1,2,848,141000,6
"692",10,1995,2444,2,3,4316,755000,14
"693",7,1990,1210,2,2,2519,335000,24
"694",5,1968,1073,0,1,1073,108480,18
"695",5,1950,927,0,2,1539,141500,4
"696",6,1987,1112,1,2,1137,176000,24
"697",5,1950,616,0,1,616,89000,4
"698",5,1952,980,0,1,1148,123500,8
"699",5,2009,894,1,1,894,138500,19
"700",7,2004,1391,0,2,1391,196000,21
"701",8,2002,1800,1,3,1800,312500,24
"702",7,1969,1164,0,2,1164,140000,17
"703",8,2006,1234,1,3,2576,361919,22
"704",5,1996,360,1,2,1812,140000,18
"705",7,2005,1473,0,2,1484,213000,6
"706",4,1950,0,0,0,1092,55000,10
"707",7,2002,1643,2,2,1824,302000,5
"708",8,2006,1324,1,2,1324,254000,16
"709",7,2007,728,1,2,1456,179540,9
"710",5,1966,876,0,1,904,109900,19
"711",3,2003,270,0,0,729,52000,4
"712",4,1950,859,0,1,1178,102776,10
"713",8,1989,1228,1,2,1228,189000,22
"714",4,1970,960,0,2,960,129000,4
"715",6,2005,725,0,2,1479,130500,19
"716",6,1974,1064,1,2,1350,165000,17
"717",7,1998,718,0,2,2554,159500,18
"718",5,2000,1176,1,2,1178,157000,17
"719",7,1994,1311,1,3,2418,341000,14
"720",5,1969,971,1,1,971,128500,6
"721",8,1985,1742,1,2,1742,275000,22
"722",6,2004,848,0,2,848,143000,6
"723",4,1970,864,0,2,864,124500,13
"724",4,1972,941,0,1,1470,135000,8
"725",9,2008,1698,1,3,1698,320000,8
"726",4,1970,864,0,2,864,120500,13
"727",6,2007,880,1,2,1680,222000,7
"728",7,2007,1232,0,2,1232,194500,6
"729",5,1958,1584,0,3,1776,110000,13
"730",4,1950,780,0,2,1208,103000,10
"731",8,1996,1595,1,2,1616,236500,22
"732",7,2003,868,1,2,1146,187500,24
"733",7,1999,1153,1,2,2031,222500,6
"734",5,1983,864,1,1,1144,131400,19
"735",5,1968,948,0,1,948,108000,19
"736",7,1970,880,2,2,1768,163000,18
"737",3,1950,0,0,2,1040,93500,13
"738",8,2005,893,1,3,1801,239900,9
"739",5,1988,1200,0,0,1200,179000,8
"740",7,2004,864,0,2,1728,190000,6
"741",5,2002,264,0,2,1432,132000,18
"742",6,1996,912,0,1,912,142000,19
"743",7,2001,1349,0,2,1349,179000,20
"744",5,1999,520,1,2,1464,175000,19
"745",8,1993,1337,1,2,1337,180000,22
"746",8,1996,1142,2,2,2715,299800,17
"747",7,2000,952,1,2,2256,236000,9
"748",7,2003,1240,1,4,2640,265979,18
"749",7,1996,1720,1,2,1720,260400,14
"750",4,1950,0,0,1,1529,98000,8
"751",4,2004,576,0,0,1140,96500,18
"752",7,2003,660,0,2,1320,162000,9
"753",6,1997,1479,0,2,1494,217000,6
"754",8,2005,1030,1,3,2098,275500,16
"755",6,2005,1026,0,2,1026,156000,13
"756",6,1999,729,0,2,1471,172500,21
"757",8,2007,866,0,2,1768,212000,6
"758",6,1978,672,1,2,1386,158900,19
"759",7,1999,744,0,2,1501,179400,21
"760",8,1995,1318,1,3,2531,290000,14
"761",6,1959,864,0,1,864,127500,13
"762",5,1950,1145,0,2,1301,1e+05,4
"763",7,2009,756,0,2,1547,215200,21
"764",8,1999,1252,1,3,2365,337000,14
"765",8,1996,1494,1,2,1494,270000,25
"766",9,2008,1498,1,2,1506,264132,21
"767",7,1988,980,1,2,1714,196500,17
"768",6,1985,983,0,1,1750,160000,12
"769",7,2005,1860,1,2,1836,216837,6
"770",8,2003,1650,1,3,3279,538000,22
"771",5,1982,858,0,2,858,134900,19
"772",4,1951,836,0,2,1220,102000,8
"773",6,1976,1029,1,2,1117,107000,8
"774",5,1958,912,0,1,912,114500,13
"775",8,2006,1935,1,3,1973,395000,16
"776",6,1998,1204,0,2,1204,162000,12
"777",7,2006,1614,0,3,1614,221500,6
"778",5,1974,864,1,2,894,142500,19
"779",5,1977,0,2,2,2020,144000,20
"780",6,1977,975,0,2,1004,135000,12
"781",7,1996,1237,1,2,1253,176000,9
"782",6,1992,761,0,2,1603,175900,20
"783",7,2002,1413,0,2,1430,187100,6
"784",5,1978,1097,1,2,1110,165500,12
"785",6,2001,742,1,0,1484,128000,18
"786",6,1967,1372,1,2,1342,161500,17
"787",5,1950,686,0,1,1652,139000,18
"788",7,2004,956,0,2,2084,233000,20
"789",4,2000,901,0,1,901,107900,18
"790",6,2007,832,0,2,2087,187500,5
"791",7,2006,1145,1,2,1145,160200,1
"792",6,1976,1029,2,2,1062,146800,12
"793",7,1997,1117,1,2,2013,269790,14
"794",8,2007,1496,0,2,1496,225000,21
"795",7,1996,712,1,2,1895,194500,9
"796",6,1981,650,1,2,1564,171000,20
"797",6,1977,660,1,2,1285,143500,19
"798",5,1953,773,0,1,773,110000,13
"799",9,2009,1926,2,3,3140,485000,16
"800",5,1950,731,2,1,1768,175000,23
"801",6,1997,616,0,2,1688,2e+05,5
"802",4,1990,1196,0,2,1196,109900,10
"803",7,2005,728,1,2,1456,189000,6
"804",9,2009,1734,1,3,2822,582933,16
"805",5,1954,936,0,1,1128,118000,13
"806",7,2008,1417,0,2,1428,227680,21
"807",5,1967,980,0,1,980,135500,13
"808",5,2004,1324,1,2,1576,223500,4
"809",5,1966,1024,1,2,1086,159950,13
"810",5,1965,849,0,2,2138,106000,18
"811",6,1999,1040,1,2,1309,181000,17
"812",6,2004,848,1,2,848,144500,6
"813",5,1952,540,0,2,1044,55993,10
"814",6,1958,1442,0,1,1442,157900,13
"815",5,1950,686,0,1,1250,116000,8
"816",7,1998,1649,0,2,1661,224900,6
"817",5,1954,1008,1,1,1008,137000,13
"818",8,2002,1568,2,3,1689,271000,12
"819",6,1971,1010,0,2,1052,155000,5
"820",7,2010,1358,1,2,1358,224000,16
"821",7,2003,798,0,2,1640,183000,6
"822",4,1953,936,0,2,936,93000,18
"823",7,2003,847,1,2,1733,225000,9
"824",6,1950,778,1,1,1489,139500,23
"825",8,2006,1489,1,2,1489,232600,21
"826",10,2008,2078,1,3,2084,385000,16
"827",5,1950,784,0,0,784,109500,4
"828",7,2001,1454,1,2,1434,189000,20
"829",5,1967,1013,0,2,2126,185000,5
"830",7,2005,600,0,2,1223,147400,21
"831",6,1957,1392,2,2,1392,166000,13
"832",7,2005,600,0,2,1200,151000,21
"833",7,2003,941,1,2,1829,237000,6
"834",6,1964,1516,0,2,1516,167000,13
"835",5,1961,1144,0,2,1144,139950,13
"836",4,1995,1067,0,2,1067,128000,19
"837",5,1973,1559,0,2,1559,153500,18
"838",6,1973,483,0,1,987,1e+05,3
"839",5,2006,1099,0,1,1099,144000,6
"840",5,1995,768,0,1,1200,130500,8
"841",6,1950,672,0,1,1482,140000,23
"842",5,2002,650,1,2,1539,157500,18
"843",6,1966,1127,0,2,1165,174900,13
"844",5,1961,1800,0,0,1800,141000,13
"845",5,1950,876,1,3,1416,153900,18
"846",5,1981,1390,2,2,1701,171000,19
"847",7,1993,740,1,2,1775,213000,20
"848",5,1972,864,1,1,864,133500,6
"849",6,1997,907,1,2,2358,240000,5
"850",6,1994,528,1,2,1855,187000,25
"851",6,2003,848,0,2,848,131500,6
"852",8,2003,1273,1,2,1456,215000,1
"853",7,1950,918,2,1,1646,164000,7
"854",6,1964,1127,1,2,1445,158000,13
"855",5,1974,1763,1,2,1779,170000,19
"856",5,2010,1040,0,1,1040,127000,19
"857",6,1978,940,0,2,1026,147000,6
"858",6,1995,702,1,2,1481,174000,9
"859",7,1976,1090,1,2,1370,152000,17
"860",6,1984,1054,1,2,2654,250000,17
"861",7,1998,912,1,1,1426,189950,7
"862",5,1965,1039,0,2,1039,131500,19
"863",6,1985,1040,0,2,1097,152000,20
"864",5,1959,1148,0,1,1148,132500,13
"865",7,2008,1372,0,2,1372,250580,21
"866",5,1970,1002,0,2,1002,148500,13
"867",8,2007,1638,1,3,1646,248900,24
"868",4,1961,1040,0,2,1120,129000,19
"869",5,1950,0,1,2,2320,169000,9
"870",7,1994,1050,1,2,1949,236000,20
"871",5,1962,894,0,1,894,109500,13
"872",6,1998,804,0,2,1682,200500,6
"873",5,1996,105,0,2,910,116000,13
"874",5,1950,832,1,1,1268,133000,13
"875",5,1950,676,0,1,1131,66500,18
"876",8,2007,1184,1,2,2610,303477,21
"877",4,1963,1064,0,2,1040,132250,12
"878",9,2005,1462,1,3,2224,350000,16
"879",5,1995,1109,0,2,1155,148000,19
"880",5,2005,864,0,1,864,136500,6
"881",5,2006,1090,0,2,1090,157000,8
"882",7,1991,1156,1,2,1717,187500,24
"883",6,1993,808,1,2,1593,178000,9
"884",4,1950,795,0,1,2230,118500,23
"885",5,1967,892,0,1,892,1e+05,13
"886",9,2000,1698,1,2,1709,328900,21
"887",5,2005,1626,0,2,1712,145000,13
"888",5,1955,816,0,1,1393,135500,8
"889",8,1970,2217,1,2,2217,268000,13
"890",6,1953,1505,1,2,1505,149500,13
"891",5,2006,672,1,2,924,122900,13
"892",6,1978,918,1,2,1683,172500,19
"893",6,2003,1059,0,1,1068,154500,19
"894",5,1954,1383,1,1,1383,165000,19
"895",5,1979,0,0,2,1535,118858,20
"896",6,1963,780,1,2,1796,140000,13
"897",4,1950,951,0,1,951,106500,10
"898",5,1979,0,0,2,2240,142953,20
"899",9,2010,2330,2,3,2364,611657,16
"900",5,1994,912,1,1,1236,135000,19
"901",4,1971,858,0,1,858,110000,13
"902",5,2000,992,0,1,1306,153000,13
"903",7,2003,783,1,2,1509,180000,9
"904",7,2006,1670,1,3,1670,240000,9
"905",5,1967,876,0,1,902,125500,19
"906",5,1954,1056,0,1,1063,128000,13
"907",8,2006,1623,1,3,1636,255000,21
"908",7,1987,1017,1,1,2057,250000,7
"909",5,1983,864,0,2,902,131000,12
"910",6,2005,742,1,2,1484,174000,9
"911",5,1960,1105,0,2,2274,154300,13
"912",5,1989,1268,0,1,1268,143500,6
"913",5,1950,768,0,1,1015,88000,4
"914",5,1950,1001,0,3,2002,145000,7
"915",6,2009,612,0,2,1224,173733,21
"916",4,1970,546,0,1,1092,75000,11
"917",2,1950,480,0,1,480,35311,10
"918",4,1956,1134,0,1,1229,135000,8
"919",7,1991,1104,1,3,2127,238000,20
"920",6,2002,1184,1,2,1414,176500,13
"921",6,1994,928,0,2,1721,201000,20
"922",5,2003,1272,0,0,2200,145900,8
"923",6,2006,1316,1,2,1316,169990,9
"924",6,1994,1604,1,2,1617,193000,20
"925",6,1980,1686,1,2,1686,207500,17
"926",5,1977,1126,0,2,1126,175000,17
"927",8,2004,1181,1,3,2374,285000,16
"928",7,1968,832,1,2,1978,176000,17
"929",8,2001,1753,1,2,1788,236500,6
"930",7,1997,964,1,2,2236,222000,9
"931",8,2007,1466,0,3,1466,201000,24
"932",5,1965,925,0,1,925,117500,13
"933",9,2006,1905,1,3,1905,320000,21
"934",7,2004,1500,0,2,1500,190000,6
"935",7,2007,585,1,2,2069,242000,13
"936",4,1953,600,0,2,747,79900,4
"937",7,2003,1176,0,2,1200,184900,20
"938",7,2005,1113,1,2,1971,253000,21
"939",7,2006,1391,0,3,1962,239799,6
"940",7,1950,1032,2,1,2403,244400,5
"941",6,1976,1728,0,2,1728,150900,12
"942",7,1999,992,1,2,2060,214000,9
"943",4,1977,1440,0,0,1440,150000,8
"944",5,1967,1632,0,2,1632,143000,12
"945",6,1958,819,1,2,1344,137500,24
"946",5,1996,1088,0,2,1869,124900,18
"947",5,1959,1144,1,1,1144,143000,13
"948",8,2003,1616,1,3,1629,270000,24
"949",7,2002,936,1,2,1776,192500,6
"950",6,2006,1161,1,2,1381,197500,17
"951",5,2002,864,0,2,864,129000,13
"952",5,1965,828,0,1,965,119900,20
"953",5,2003,768,0,1,768,133900,6
"954",5,1969,784,1,2,1968,172000,12
"955",6,1975,945,0,0,980,127500,8
"956",6,1950,979,0,2,1958,145000,7
"957",6,1980,561,1,2,1229,124000,2
"958",5,1962,1057,0,2,1057,132000,19
"959",7,2003,1337,0,2,1337,185000,6
"960",7,1999,696,0,2,1416,155000,21
"961",5,2008,858,0,0,858,116500,4
"962",6,1995,1330,1,2,2872,272000,17
"963",6,1976,804,1,2,1548,155000,15
"964",9,2007,1800,0,2,1800,239000,6
"965",7,2003,817,1,2,1894,214900,24
"966",6,2007,783,1,2,1484,178900,9
"967",5,1950,728,2,1,1308,160000,7
"968",5,1955,1098,0,1,1098,135000,13
"969",3,1950,600,0,0,968,37900,18
"970",6,1958,588,0,1,1095,140000,13
"971",4,1950,720,0,0,1192,135000,13
"972",7,2004,764,0,2,1626,173000,16
"973",6,1979,918,1,1,918,99500,20
"974",7,2008,1428,0,2,1428,182000,21
"975",7,1993,728,0,2,2019,167500,4
"976",7,2000,673,0,2,1382,165000,21
"977",4,1958,440,0,0,869,85500,4
"978",7,2007,1241,0,2,1241,199900,21
"979",4,1954,894,0,2,894,110000,8
"980",5,1963,1121,0,2,1121,139000,19
"981",7,2007,944,0,2,999,178400,13
"982",8,1999,1225,1,3,2612,336000,14
"983",7,2007,1266,1,2,1266,159895,1
"984",8,2002,1128,1,2,2290,255900,6
"985",5,1977,0,0,2,1734,126000,12
"986",5,1950,1164,0,1,1164,125000,8
"987",6,2003,485,0,1,1635,117000,18
"988",9,2010,1930,1,3,1940,395192,16
"989",6,1976,848,1,2,2030,195000,17
"990",7,2006,770,0,2,1576,197000,21
"991",8,1998,1396,1,3,2392,348000,14
"992",8,1986,916,1,2,1742,168000,18
"993",6,1993,822,1,2,1851,187000,13
"994",6,2006,750,0,2,1500,173900,6
"995",10,2007,1700,1,3,1718,337500,16
"996",4,1950,747,0,1,1230,121600,4
"997",5,1961,1050,0,1,1050,136500,13
"998",6,1970,1442,1,2,1442,185000,17
"999",3,1950,1007,1,1,1077,91000,10
"1000",7,2006,1187,0,2,1208,206000,6
"1001",3,1952,0,0,2,944,82000,8
"1002",5,1950,691,0,1,691,86000,18
"1003",8,2006,1574,1,3,1574,232000,21
"1004",5,1976,1680,0,2,1680,136905,17
"1005",7,2006,1346,1,2,1504,181000,1
"1006",5,1977,985,0,1,985,149900,6
"1007",6,1970,1657,1,2,1657,163500,13
"1008",4,1970,546,0,1,1092,88000,11
"1009",7,2005,1710,1,2,1710,240000,12
"1010",5,1950,1008,0,0,1522,102000,23
"1011",5,1950,720,1,1,1271,135000,19
"1012",5,1965,0,0,0,1664,1e+05,8
"1013",6,1996,602,2,1,1502,165000,7
"1014",5,2006,1022,0,1,1022,85000,18
"1015",6,1950,1082,1,1,1082,119200,13
"1016",8,2001,810,0,2,1665,227000,17
"1017",7,1996,1504,1,2,1504,203000,6
"1018",8,1984,1220,1,2,1360,187500,22
"1019",7,1992,384,1,2,1472,160000,9
"1020",7,2005,1362,1,2,1506,213490,1
"1021",4,2005,1132,0,2,1132,176000,8
"1022",7,2006,1199,0,2,1220,194000,6
"1023",5,1950,912,0,1,1248,87000,18
"1024",7,2006,1346,1,2,1504,191000,1
"1025",8,1976,1565,1,2,2898,287000,24
"1026",5,1972,882,0,2,882,112500,6
"1027",5,1960,1268,2,2,1264,167500,13
"1028",8,2008,1638,1,3,1646,293077,24
"1029",5,1950,768,1,1,1376,105000,13
"1030",6,1972,672,0,1,1218,118000,3
"1031",5,1995,686,0,0,1928,160000,23
"1032",7,1970,824,2,2,3082,197000,23
"1033",8,1993,1338,1,3,2520,310000,14
"1034",7,2002,1654,0,3,1654,230000,6
"1035",5,1950,920,1,1,954,119750,7
"1036",4,1957,0,0,1,845,84000,8
"1037",9,2008,1620,1,3,1620,315500,24
"1038",8,2002,1055,1,2,2263,287000,6
"1039",4,2008,546,1,0,1344,97000,11
"1040",4,1970,630,0,1,630,80000,11
"1041",5,2000,1134,1,2,1803,155000,19
"1042",6,2000,800,0,2,1632,173000,17
"1043",6,2005,1306,1,2,1306,196000,16
"1044",7,1990,1475,1,2,2329,262280,20
"1045",8,1981,2524,1,2,2524,278000,17
"1046",3,1955,0,1,2,1733,139600,8
"1047",9,2006,1992,1,3,2868,556581,22
"1048",5,1995,990,0,2,990,145000,6
"1049",5,2006,0,1,2,1771,115000,12
"1050",4,2006,0,0,1,930,84900,8
"1051",7,2007,1302,0,2,1302,176485,9
"1052",7,2007,1316,1,2,1316,200141,6
"1053",6,1978,816,1,2,1977,165000,13
"1054",5,2002,1216,1,1,1526,144500,8
"1055",8,2002,1065,1,2,1989,255000,6
"1056",6,1976,1193,1,2,1523,180000,17
"1057",7,2005,1364,1,2,1364,185850,16
"1058",7,1994,973,1,2,1850,248000,14
"1059",9,2008,1104,1,3,2184,335000,16
"1060",6,1950,854,1,2,1991,220000,7
"1061",8,2001,1338,0,2,1338,213500,22
"1062",3,1950,894,0,3,894,81000,10
"1063",5,1950,662,0,2,2337,90000,18
"1064",6,1980,1103,1,2,1103,110500,18
"1065",5,1966,1154,1,2,1154,154000,13
"1066",7,1997,1306,0,2,2260,328000,5
"1067",6,1994,799,1,2,1571,178000,9
"1068",6,1964,780,0,2,1611,167900,13
"1069",6,1973,942,1,2,2521,151400,11
"1070",5,2003,845,0,2,893,135000,13
"1071",5,1956,1048,0,1,1048,135000,13
"1072",6,1968,727,0,2,1556,154000,17
"1073",5,1950,810,1,1,1456,91500,8
"1074",6,1977,690,0,2,1426,159500,8
"1075",7,2006,1240,0,3,1240,194000,6
"1076",7,1984,800,2,1,1740,219500,7
"1077",5,1989,796,1,2,1466,170000,18
"1078",5,1969,1096,0,1,1096,138800,13
"1079",6,2004,848,1,2,848,155900,6
"1080",5,1994,990,0,1,990,126000,6
"1081",6,2004,1258,0,2,1258,145000,17
"1082",5,1963,1040,0,1,1040,133000,19
"1083",7,2002,1459,1,2,1459,192000,6
"1084",6,1964,1251,2,1,1251,160000,13
"1085",6,1996,691,1,2,1498,187500,9
"1086",6,1992,936,0,2,996,147000,20
"1087",4,1973,546,0,1,1092,83500,11
"1088",8,2006,1082,1,3,1953,252000,21
"1089",7,2004,970,0,2,1709,137500,8
"1090",8,2005,1247,1,2,1247,197000,21
"1091",3,1950,0,0,2,1040,92900,13
"1092",7,2000,600,0,2,1252,160000,21
"1093",6,1950,1181,1,2,1694,136500,23
"1094",5,1998,864,0,2,1200,146000,13
"1095",5,2000,936,0,1,936,129000,13
"1096",6,2006,1314,1,2,1314,176432,6
"1097",6,2006,684,0,0,1355,127000,10
"1098",8,1986,1074,0,2,1088,170000,22
"1099",4,1950,672,0,1,1324,128000,4
"1100",7,1978,1271,1,2,1601,157000,17
"1101",2,1950,290,0,1,438,60000,23
"1102",5,1971,950,0,1,950,119500,13
"1103",5,2002,1010,0,1,1134,135000,13
"1104",6,1959,655,1,2,1194,159500,13
"1105",5,1970,630,0,2,1302,106000,3
"1106",8,1995,1463,2,2,2622,325000,14
"1107",7,1991,910,1,2,1442,179900,20
"1108",7,2006,868,1,2,2021,274725,9
"1109",6,2000,924,1,2,1690,181000,9
"1110",8,2005,1836,1,3,1836,280000,16
"1111",6,1996,773,1,2,1658,188000,9
"1112",7,1976,803,1,2,1964,205000,17
"1113",5,1957,816,0,1,816,129900,13
"1114",5,2006,1008,0,1,1008,134500,13
"1115",5,2000,833,0,1,833,117000,18
"1116",8,2007,1734,1,3,1734,318000,16
"1117",8,2002,408,1,2,1419,184100,9
"1118",5,2003,894,0,2,894,130000,19
"1119",5,1987,533,0,1,1601,140000,19
"1120",5,1959,1040,0,1,1040,133700,13
"1121",6,1950,1012,1,1,1012,118400,10
"1122",7,2006,1552,0,3,1552,212900,6
"1123",4,1956,672,0,1,960,112000,8
"1124",5,2008,698,0,0,698,118000,8
"1125",7,1992,384,1,2,1482,163900,9
"1126",4,1955,1005,1,2,1005,115000,13
"1127",7,2007,1373,1,3,1555,174000,1
"1128",7,2004,1530,1,3,1530,259000,9
"1129",7,2005,847,1,2,1959,215000,9
"1130",5,1980,936,0,2,936,140000,18
"1131",4,1950,1122,2,2,1981,135000,23
"1132",5,1992,974,0,0,974,93500,12
"1133",6,1950,1008,0,1,2210,117500,18
"1134",8,1995,1128,1,2,2020,239500,20
"1135",6,1997,916,1,2,1600,169000,9
"1136",6,1950,960,1,1,986,102000,4
"1137",6,1950,1032,0,1,1252,119000,13
"1138",5,1996,780,0,0,1020,94000,19
"1139",6,1977,1567,2,2,1567,196000,12
"1140",5,1950,915,1,2,1167,144000,4
"1141",5,1951,952,0,2,952,139000,13
"1142",5,1976,780,1,2,1868,197500,17
"1143",8,2007,1466,1,3,2828,424870,6
"1144",5,1959,1006,0,0,1006,80000,19
"1145",4,1950,672,0,1,924,80000,8
"1146",5,1950,1042,1,1,1576,149000,4
"1147",6,1985,1298,1,2,1298,180000,20
"1148",7,1950,704,1,1,1564,174500,7
"1149",7,1950,572,1,1,1111,116900,18
"1150",7,1988,650,0,2,1482,143000,18
"1151",6,1950,932,1,1,932,124000,13
"1152",5,1959,1466,2,2,1466,149900,8
"1153",6,2004,1073,1,2,1811,230000,7
"1154",6,2007,816,0,1,816,120500,10
"1155",7,1988,864,2,2,1820,201800,13
"1156",5,2004,1437,1,2,1437,218000,25
"1157",5,1999,1219,1,2,1265,179900,13
"1158",7,2008,1314,1,2,1314,230000,16
"1159",8,2008,1580,0,3,1580,235128,21
"1160",6,1974,901,1,2,1876,185000,17
"1161",6,1978,855,1,2,1456,146000,15
"1162",6,2006,1296,1,2,1640,224000,7
"1163",5,1968,894,1,2,894,129000,19
"1164",4,1969,1198,0,2,1258,108959,19
"1165",5,1978,1360,1,2,1432,194000,25
"1166",7,2009,1502,0,2,1502,233170,16
"1167",8,2008,1694,0,3,1694,245350,6
"1168",6,2000,959,1,2,1671,173000,9
"1169",6,1986,1127,2,2,2108,235000,8
"1170",10,1996,1930,1,3,3627,625000,14
"1171",6,1977,1096,1,1,1118,171000,12
"1172",6,1958,1261,1,2,1261,163000,13
"1173",7,2007,625,0,2,1250,171900,21
"1174",5,1994,1598,1,0,3086,200500,5
"1175",6,1950,952,1,2,2345,239000,7
"1176",8,2000,1683,1,2,2872,285000,14
"1177",5,1985,876,0,1,923,119500,12
"1178",6,2004,818,0,1,1224,115000,18
"1179",5,1950,731,1,1,1343,154900,7
"1180",5,1954,0,1,0,1124,93000,8
"1181",7,1991,1216,0,2,2514,250000,24
"1182",8,2008,1600,1,2,1652,392500,7
"1183",10,1996,2396,2,3,4476,745000,14
"1184",5,1950,1120,1,2,1130,120000,18
"1185",5,1963,1572,2,3,1572,186700,24
"1186",5,1950,784,0,1,1221,104900,8
"1187",3,1970,978,0,2,1699,95000,18
"1188",8,1995,1624,1,3,1624,262000,14
"1189",7,2002,831,0,2,1660,195000,6
"1190",7,1999,994,1,2,1804,189000,9
"1191",4,1975,1249,1,4,1622,168000,12
"1192",8,2000,776,0,2,1441,174000,21
"1193",5,1994,702,0,1,1472,125000,18
"1194",6,1999,1224,0,2,1224,165000,12
"1195",6,1969,663,0,1,1352,158000,19
"1196",6,2005,728,0,2,1456,176000,9
"1197",7,2006,879,1,3,1863,219210,9
"1198",7,1950,815,1,1,1690,144000,18
"1199",7,2001,1212,0,2,1212,178000,6
"1200",4,1979,1051,1,2,1382,148000,19
"1201",4,1970,864,0,1,864,116050,13
"1202",7,1998,866,0,2,1779,197900,6
"1203",5,1997,884,1,1,1348,117000,4
"1204",7,2001,1630,1,2,1630,213000,6
"1205",5,1975,1056,0,2,1074,153500,17
"1206",7,1991,2158,1,3,2196,271900,20
"1207",4,1966,1056,0,1,1056,107000,20
"1208",6,2003,1682,0,2,1700,2e+05,6
"1209",5,1980,931,0,2,1283,140000,13
"1210",8,2006,1660,1,2,1660,290000,21
"1211",6,1992,1055,1,2,1845,189000,20
"1212",8,2005,559,0,2,1752,164000,9
"1213",4,1950,672,0,1,672,113000,8
"1214",4,2001,648,0,1,960,145000,19
"1215",5,1962,925,0,1,999,134500,13
"1216",5,1966,894,0,1,894,125000,19
"1217",6,1978,0,0,2,1902,112000,19
"1218",8,2009,1300,0,2,1314,229456,21
"1219",4,1950,0,0,0,912,80500,4
"1220",6,1971,672,0,0,1218,91500,3
"1221",5,1964,912,0,1,912,115000,13
"1222",5,1968,952,1,1,1211,134000,19
"1223",6,1950,1040,1,1,1846,143000,13
"1224",5,1951,2136,0,2,2136,137900,13
"1225",7,2005,788,1,2,1490,184000,9
"1226",6,1958,588,0,1,1138,145000,13
"1227",6,2007,894,1,3,1933,214000,21
"1228",5,2008,912,0,2,912,147000,13
"1229",9,2008,1702,1,3,1702,367294,16
"1230",5,1960,1075,0,1,1507,127000,13
"1231",5,1977,1361,1,2,2620,190000,19
"1232",5,1962,1106,0,2,1190,132500,13
"1233",4,1962,0,0,2,1224,101800,13
"1234",5,1959,1188,0,2,1188,142000,13
"1235",5,1950,940,0,0,1964,130000,23
"1236",5,1950,747,0,1,1784,138887,7
"1237",7,2003,764,0,2,1626,175500,16
"1238",7,2005,847,1,2,1948,195000,6
"1239",6,2005,1141,0,2,1141,142500,20
"1240",8,2006,1476,1,2,1484,265900,24
"1241",7,2003,884,0,2,1768,224900,6
"1242",7,2007,1689,0,3,1689,248328,21
"1243",7,1974,1053,2,2,1173,170000,17
"1244",10,2006,2076,1,3,2076,465000,16
"1245",8,1950,792,2,2,1517,230000,7
"1246",6,2003,585,1,2,1868,178000,17
"1247",7,2006,756,0,2,1553,186500,21
"1248",6,1976,1012,0,3,1034,169900,12
"1249",6,1950,735,1,2,2058,129500,18
"1250",5,1950,876,0,1,988,119000,13
"1251",7,1968,2110,2,2,2110,244000,13
"1252",7,2003,1405,1,2,1405,171750,16
"1253",5,1968,864,0,1,874,130000,12
"1254",7,2003,1192,2,2,2167,294000,25
"1255",7,2004,746,1,2,1656,165400,8
"1256",6,1950,884,1,1,1367,127500,4
"1257",8,1994,1986,1,2,1987,301500,14
"1258",5,1950,864,0,0,864,99900,8
"1259",7,2005,856,0,2,1166,190000,9
"1260",6,1969,1054,0,2,1054,151000,13
"1261",6,1999,841,1,2,1675,181000,9
"1262",5,1956,1050,0,1,1050,128900,13
"1263",4,1989,1104,2,1,1788,161500,5
"1264",6,1950,764,1,2,1824,180500,4
"1265",6,1999,1405,0,2,1337,181000,13
"1266",7,1999,691,0,2,1452,183900,21
"1267",7,1950,925,1,1,1889,122000,18
"1268",9,2009,2002,1,3,2018,378500,24
"1269",8,1997,728,2,3,3447,381000,7
"1270",5,1958,874,0,1,1524,144000,13
"1271",7,1979,1332,1,2,1524,260000,5
"1272",6,1968,1489,1,2,1489,185750,17
"1273",5,1965,935,0,1,935,137000,19
"1274",6,2006,1019,1,1,1357,177000,8
"1275",5,2003,661,1,2,1250,139000,7
"1276",5,1950,928,0,2,1920,137000,13
"1277",6,1972,723,1,2,1395,162000,17
"1278",6,1976,1680,1,2,1724,197900,17
"1279",8,2002,1128,1,2,2031,237000,6
"1280",4,1950,698,0,2,1128,68400,10
"1281",7,2002,1573,0,2,1573,227000,6
"1282",7,1990,1309,1,2,1339,180000,24
"1283",5,2008,1040,0,2,1040,150500,6
"1284",6,1971,912,0,0,1824,139000,12
"1285",6,1990,804,1,1,2447,169000,23
"1286",6,1950,780,1,1,1412,132500,4
"1287",6,1963,1328,2,2,1328,143000,17
"1288",5,1964,1624,0,2,1582,190000,5
"1289",8,2000,1501,1,2,1659,278000,22
"1290",8,2006,1085,1,3,1970,281000,16
"1291",5,1964,1152,1,2,1152,180500,13
"1292",5,1972,630,0,1,1302,119500,3
"1293",5,1965,994,0,1,2372,107500,18
"1294",7,1976,832,1,2,1664,162900,17
"1295",5,1990,864,0,2,864,115000,8
"1296",5,1968,1052,0,1,1052,138500,13
"1297",5,1963,1120,0,2,1128,155000,13
"1298",6,2006,547,0,2,1072,140000,8
"1299",10,2008,6110,3,2,5642,160000,8
"1300",5,1994,1246,0,1,1246,154000,13
"1301",7,1999,978,1,2,1983,225000,9
"1302",6,1950,771,2,1,1494,177500,7
"1303",8,1994,1165,1,3,2526,290000,14
"1304",7,2005,1616,0,3,1616,232000,21
"1305",7,2004,976,0,2,1708,130000,8
"1306",9,2007,1652,2,2,1652,325000,16
"1307",7,2006,1368,1,2,1368,202500,16
"1308",5,1995,990,0,2,990,138000,6
"1309",5,2005,924,0,2,1122,147000,18
"1310",6,1991,1278,0,2,1294,179200,20
"1311",7,2002,1902,2,2,1902,335000,7
"1312",7,2007,1274,0,2,1274,203000,6
"1313",8,1990,1453,1,2,2810,302000,14
"1314",9,1999,1393,1,3,2599,333168,14
"1315",4,1954,948,1,1,948,119000,8
"1316",6,1969,952,2,2,2112,206900,13
"1317",8,2008,1622,1,3,1630,295493,6
"1318",7,2007,1352,1,2,1352,208900,21
"1319",8,2002,1753,1,3,1787,275000,6
"1320",4,1954,864,0,1,948,111000,8
"1321",6,1957,1478,2,2,1478,156500,13
"1322",3,1950,0,0,1,720,72500,4
"1323",7,1992,750,1,2,1923,190000,14
"1324",4,1950,420,0,0,708,82500,4
"1325",8,2007,1795,1,3,1795,147000,21
"1326",4,1950,796,0,0,796,55000,10
"1327",3,2006,544,0,0,774,79000,8
"1328",5,2008,816,1,1,816,130500,12
"1329",6,1950,1510,2,2,2792,256000,18
"1330",7,1998,935,1,2,1632,176500,9
"1331",8,2006,1588,1,3,1588,227000,21
"1332",5,1976,911,0,2,954,132500,6
"1333",4,1958,816,1,1,816,1e+05,8
"1334",5,1995,803,0,1,1360,125500,10
"1335",5,1970,765,0,2,1365,125000,3
"1336",6,1977,1350,1,2,1334,167900,17
"1337",5,1973,1656,0,2,1656,135000,17
"1338",4,1950,693,0,0,693,52500,18
"1339",7,2002,916,0,2,1861,2e+05,6
"1340",5,1972,864,0,1,864,128500,6
"1341",4,1971,858,0,4,872,123000,13
"1342",6,2004,1114,0,2,1114,155000,20
"1343",8,2002,1284,1,2,2169,228500,6
"1344",6,1950,896,1,2,1913,177000,7
"1345",7,2006,728,1,2,1456,155835,6
"1346",4,1950,960,0,1,960,108500,18
"1347",7,2003,1568,1,2,2156,262500,17
"1348",8,2007,1732,1,3,1776,283463,24
"1349",7,1998,1482,1,2,1494,215000,20
"1350",8,1987,684,0,0,2358,122000,18
"1351",5,1969,1248,0,4,2634,2e+05,13
"1352",6,1962,858,1,2,1716,171000,13
"1353",6,2000,698,0,2,1176,134900,4
"1354",8,1996,2033,1,3,3238,410000,14
"1355",7,2000,992,1,3,1865,235000,6
"1356",7,1992,570,1,2,1920,170000,17
"1357",5,1966,864,0,1,892,110000,13
"1358",5,2008,1078,1,2,1078,149900,13
"1359",6,2000,756,0,2,1573,177500,21
"1360",9,2005,1980,1,3,1980,315000,16
"1361",5,1998,612,0,2,2601,189000,23
"1362",7,2005,1530,1,2,1530,260000,22
"1363",4,2007,715,1,1,1738,104900,13
"1364",6,2007,616,1,2,1412,156932,9
"1365",7,2005,600,0,2,1200,144152,21
"1366",7,2000,814,0,2,1674,216000,21
"1367",7,1999,873,0,2,1790,193000,6
"1368",5,1977,757,1,1,1475,127000,11
"1369",6,2004,848,0,2,848,144000,6
"1370",8,2003,1657,1,2,1668,232000,6
"1371",4,1950,840,0,1,1374,105000,18
"1372",6,1996,992,1,1,1661,165500,13
"1373",7,1998,1108,1,2,2097,274300,6
"1374",10,2002,2633,2,3,2633,466500,14
"1375",7,2005,1026,1,3,1958,250000,21
"1376",8,2007,1571,1,3,1571,239000,24
"1377",6,1950,768,0,1,790,91000,23
"1378",5,1960,984,0,2,1604,117000,8
"1379",6,1973,483,0,1,987,83000,3
"1380",5,2007,384,0,2,1394,167500,24
"1381",3,1950,864,0,1,864,58500,8
"1382",6,1970,1205,2,2,2117,237500,13
"1383",7,1950,596,0,2,1762,157000,18
"1384",5,2007,816,0,2,1416,112000,19
"1385",6,1950,560,0,1,1258,105000,8
"1386",4,2007,796,0,1,1154,125500,10
"1387",7,1978,1392,2,2,2784,250000,17
"1388",6,1950,714,1,1,2526,136000,18
"1389",9,2007,1746,2,3,1746,377500,9
"1390",6,1950,735,1,2,1218,131000,4
"1391",7,2000,1525,0,2,1525,235000,6
"1392",5,1967,1584,0,3,1584,124000,13
"1393",5,1967,864,1,1,900,123000,13
"1394",6,2000,482,1,2,1912,163000,18
"1395",7,2006,1356,1,3,1500,246578,1
"1396",8,2006,1094,1,3,2482,281213,24
"1397",5,1950,747,2,2,1687,160000,24
"1398",5,2004,939,0,1,1513,137500,4
"1399",5,1982,1208,0,1,1904,138000,13
"1400",6,1990,976,1,1,1608,137450,23
"1401",6,1950,862,1,1,1158,120000,4
"1402",6,2004,839,1,2,1593,193000,9
"1403",7,2006,1286,1,2,1294,193879,6
"1404",8,2007,1485,0,3,1464,282922,21
"1405",3,1950,672,0,3,1214,105000,18
"1406",8,2005,1594,1,2,1646,275000,7
"1407",5,2007,768,0,2,768,133000,6
"1408",5,1985,833,0,0,833,112000,12
"1409",4,1950,622,0,2,1363,125500,18
"1410",7,1991,791,1,2,2093,215000,17
"1411",7,2001,944,0,2,1840,230000,6
"1412",6,2005,856,0,1,1668,140000,13
"1413",4,1950,0,0,2,1040,90000,13
"1414",8,2006,1844,1,2,1844,257000,20
"1415",6,2000,833,1,2,1848,207000,4
"1416",7,2007,1386,1,3,1569,175900,1
"1417",4,1950,777,0,2,2290,122500,18
"1418",8,1998,1284,1,3,2450,340000,14
"1419",5,1963,1144,0,1,1144,124000,13
"1420",6,1969,1844,1,2,1844,223000,7
"1421",6,1968,708,1,2,1416,179900,17
"1422",6,1977,1069,1,2,1069,127500,15
"1423",6,2003,848,0,2,848,136500,6
"1424",6,1966,697,1,2,2201,274970,8
"1425",5,1983,1024,1,1,1344,144000,13
"1426",6,1959,1252,0,2,1252,142000,13
"1427",7,1994,1223,2,2,2127,271000,14
"1428",5,1950,913,1,1,1558,140000,13
"1429",5,1992,788,2,1,804,119000,18
"1430",6,1981,1440,1,2,1440,182900,17
"1431",5,2005,732,1,2,1838,192140,9
"1432",6,1976,958,0,2,958,143750,15
"1433",4,2007,656,0,1,968,64500,18
"1434",6,2000,936,1,2,1792,186500,9
"1435",5,1977,1126,1,2,1126,160000,12
"1436",6,2005,1319,1,2,1537,174000,13
"1437",4,1971,864,0,2,864,120500,13
"1438",8,2008,1932,1,3,1932,394617,16
"1439",6,1996,912,0,2,1236,149700,18
"1440",7,1979,539,1,2,1725,197000,17
"1441",6,1994,588,1,2,2555,191000,7
"1442",6,2004,848,1,2,848,149300,6
"1443",10,2008,1017,1,3,2007,310000,21
"1444",6,1950,952,1,1,952,121000,4
"1445",7,2004,1422,0,2,1422,179600,6
"1446",6,1966,814,0,1,913,129000,19
"1447",5,1962,1188,0,1,1188,157900,12
"1448",8,1996,1220,1,2,2090,240000,6
"1449",4,2000,560,0,1,1346,112000,8
"1450",5,1970,630,0,0,630,92000,11
"1451",5,1974,896,0,0,1792,136000,13
"1452",8,2009,1573,1,3,1578,287090,21
"1453",5,2005,547,0,2,1072,145000,8
"1454",5,2006,1140,0,0,1140,84500,12
"1455",7,2005,1221,0,2,1221,185000,21
"1456",6,2000,953,1,2,1647,175000,9
"1457",6,1988,1542,2,2,2073,210000,17
"1458",7,2006,1152,2,1,2340,266500,7
"1459",5,1996,1078,0,1,1078,142125,13
"1460",5,1965,1256,0,1,1256,147500,8
